,danceability,energy,key,loudness,mode,speechiness,acousticness,instrumentalness,liveness,valence,tempo,type,id,uri,track_href,analysis_url,duration_ms,time_signature,song_title,popularity_scores,genre
0,0.5,0.964,2,-4.19,1,0.124,0.00723,6.2e-05,0.0557,0.662,159.971,audio_features,7ncPjJBktLEOpstY5JOUMK,spotify:track:7ncPjJBktLEOpstY5JOUMK,https://api.spotify.com/v1/tracks/7ncPjJBktLEOpstY5JOUMK,https://api.spotify.com/v1/audio-analysis/7ncPjJBktLEOpstY5JOUMK,190607,4,一途,70,j-pop
1,0.548,0.935,9,-4.579,0,0.123,0.0215,4.28e-06,0.0549,0.713,182.997,audio_features,0s1jSiVj6hR0tLWRFJoea4,spotify:track:0s1jSiVj6hR0tLWRFJoea4,https://api.spotify.com/v1/tracks/0s1jSiVj6hR0tLWRFJoea4,https://api.spotify.com/v1/audio-analysis/0s1jSiVj6hR0tLWRFJoea4,215800,4,ええじゃないか,30,city pop
2,0.457,0.875,6,-4.611,0,0.143,0.000573,0.0,0.11,0.804,161.99,audio_features,5yZoR6E5TBREAYfLhLRNh8,spotify:track:5yZoR6E5TBREAYfLhLRNh8,https://api.spotify.com/v1/tracks/5yZoR6E5TBREAYfLhLRNh8,https://api.spotify.com/v1/audio-analysis/5yZoR6E5TBREAYfLhLRNh8,174223,4,玄ノ歌,27,city pop
3,0.558,0.953,6,-3.092,0,0.0673,0.000363,0.0,0.115,0.781,122.024,audio_features,2kbbbiM2xmbdL85SALO4Ed,spotify:track:2kbbbiM2xmbdL85SALO4Ed,https://api.spotify.com/v1/tracks/2kbbbiM2xmbdL85SALO4Ed,https://api.spotify.com/v1/audio-analysis/2kbbbiM2xmbdL85SALO4Ed,263587,4,ハイパーベンチレイション,42,j-pop
4,0.504,0.904,6,-6.863,1,0.179,0.356,0.121,0.14,0.772,176.808,audio_features,1jDJFeK9x3OZboIAHsY9k2,spotify:track:1jDJFeK9x3OZboIAHsY9k2,https://api.spotify.com/v1/tracks/1jDJFeK9x3OZboIAHsY9k2,https://api.spotify.com/v1/audio-analysis/1jDJFeK9x3OZboIAHsY9k2,183440,4,I'm Still Standing,84,glam rock
5,0.415,0.986,2,-2.195,0,0.229,0.0045,0.0,0.0404,0.313,156.019,audio_features,4qcXBDltsFoCFeERHYfFKE,spotify:track:4qcXBDltsFoCFeERHYfFKE,https://api.spotify.com/v1/tracks/4qcXBDltsFoCFeERHYfFKE,https://api.spotify.com/v1/audio-analysis/4qcXBDltsFoCFeERHYfFKE,200293,4,Out of Control,48,funk metal
6,0.709,0.962,1,-0.753,1,0.106,0.153,1.77e-06,0.621,0.767,128.013,audio_features,0871AdnvzzSGr5XdTJaDHC,spotify:track:0871AdnvzzSGr5XdTJaDHC,https://api.spotify.com/v1/tracks/0871AdnvzzSGr5XdTJaDHC,https://api.spotify.com/v1/audio-analysis/0871AdnvzzSGr5XdTJaDHC,210347,4,踊,62,japanese teen pop
7,0.493,0.928,8,-4.066,1,0.172,8.55e-05,0.000232,0.197,0.782,147.057,audio_features,441kythlS8mXWveX0pcmHr,spotify:track:441kythlS8mXWveX0pcmHr,https://api.spotify.com/v1/tracks/441kythlS8mXWveX0pcmHr,https://api.spotify.com/v1/audio-analysis/441kythlS8mXWveX0pcmHr,193147,4,トオトロジイダウトフル,35,vocaloid
8,0.628,0.942,1,-3.954,0,0.155,0.0629,0.0,0.315,0.65,156.056,audio_features,4lEk6fyJu7LLPenqL0Raj5,spotify:track:4lEk6fyJu7LLPenqL0Raj5,https://api.spotify.com/v1/tracks/4lEk6fyJu7LLPenqL0Raj5,https://api.spotify.com/v1/audio-analysis/4lEk6fyJu7LLPenqL0Raj5,196285,4,阿修羅ちゃん,59,japanese teen pop
9,0.538,0.905,9,-3.704,1,0.0426,8.48e-05,7.43e-05,0.075,0.759,95.061,audio_features,1w84AR36E68ubNG3pgTgc7,spotify:track:1w84AR36E68ubNG3pgTgc7,https://api.spotify.com/v1/tracks/1w84AR36E68ubNG3pgTgc7,https://api.spotify.com/v1/audio-analysis/1w84AR36E68ubNG3pgTgc7,197295,4,DEAD STROKE,39,
10,0.552,0.905,9,-4.992,0,0.101,0.032,0.0,0.345,0.896,169.929,audio_features,6TJnkjQL9Ar8JQVrGiBhVf,spotify:track:6TJnkjQL9Ar8JQVrGiBhVf,https://api.spotify.com/v1/tracks/6TJnkjQL9Ar8JQVrGiBhVf,https://api.spotify.com/v1/audio-analysis/6TJnkjQL9Ar8JQVrGiBhVf,172471,3,Good-bye Declaration,51,vocaloid
11,0.672,0.942,0,-4.682,1,0.0552,0.0752,0.000134,0.0399,0.775,159.943,audio_features,6qq26pDtzfP8nSsfRFRBmG,spotify:track:6qq26pDtzfP8nSsfRFRBmG,https://api.spotify.com/v1/tracks/6qq26pDtzfP8nSsfRFRBmG,https://api.spotify.com/v1/audio-analysis/6qq26pDtzfP8nSsfRFRBmG,165375,4,Hate Killer,40,
12,0.496,0.91,6,-3.681,1,0.05,0.00446,0.0,0.33,0.839,179.973,audio_features,2Ckd8hGYJ9T05qJGWddhAN,spotify:track:2Ckd8hGYJ9T05qJGWddhAN,https://api.spotify.com/v1/tracks/2Ckd8hGYJ9T05qJGWddhAN,https://api.spotify.com/v1/audio-analysis/2Ckd8hGYJ9T05qJGWddhAN,225746,4,心臓,53,vocaloid
13,0.491,0.963,5,-3.823,0,0.167,0.00101,0.0,0.392,0.49,160.174,audio_features,4TSjehsTwIal0zwfQwFjlD,spotify:track:4TSjehsTwIal0zwfQwFjlD,https://api.spotify.com/v1/tracks/4TSjehsTwIal0zwfQwFjlD,https://api.spotify.com/v1/audio-analysis/4TSjehsTwIal0zwfQwFjlD,164800,4,TOMB,42,vocaloid
14,0.631,0.838,5,-7.607,0,0.0607,0.0101,2.49e-05,0.132,0.838,109.943,audio_features,0xly7rh0DZqVxI8Jmn7sid,spotify:track:0xly7rh0DZqVxI8Jmn7sid,https://api.spotify.com/v1/tracks/0xly7rh0DZqVxI8Jmn7sid,https://api.spotify.com/v1/audio-analysis/0xly7rh0DZqVxI8Jmn7sid,140527,4,MACHINEGUN POEM DOLL,48,anime rock
15,0.74,0.748,10,-9.292,0,0.0492,0.00374,0.0837,0.2,0.845,109.964,audio_features,4LPrZXQXoyPVFuJ1HnfcsJ,spotify:track:4LPrZXQXoyPVFuJ1HnfcsJ,https://api.spotify.com/v1/tracks/4LPrZXQXoyPVFuJ1HnfcsJ,https://api.spotify.com/v1/audio-analysis/4LPrZXQXoyPVFuJ1HnfcsJ,218216,4,5 O,34,vocaloid
16,0.778,0.909,8,-4.193,1,0.0412,0.0302,0.0321,0.379,0.85,135.02,audio_features,3kKrLW9Fi7FdPi5oeLER7U,spotify:track:3kKrLW9Fi7FdPi5oeLER7U,https://api.spotify.com/v1/tracks/3kKrLW9Fi7FdPi5oeLER7U,https://api.spotify.com/v1/audio-analysis/3kKrLW9Fi7FdPi5oeLER7U,141778,4,Shadow Shadow,50,vocaloid
17,0.52,0.935,4,-6.866,0,0.0538,8.87e-05,0.79,0.342,0.442,95.009,audio_features,1e4fxvSKMi5qLpbjNeH2IH,spotify:track:1e4fxvSKMi5qLpbjNeH2IH,https://api.spotify.com/v1/tracks/1e4fxvSKMi5qLpbjNeH2IH,https://api.spotify.com/v1/audio-analysis/1e4fxvSKMi5qLpbjNeH2IH,230526,4,System Failure,43,otacore
18,0.408,0.933,5,-5.028,0,0.152,3.21e-05,0.486,0.179,0.264,169.9,audio_features,0z6IIwef5zNtbwuIW4pmFs,spotify:track:0z6IIwef5zNtbwuIW4pmFs,https://api.spotify.com/v1/tracks/0z6IIwef5zNtbwuIW4pmFs,https://api.spotify.com/v1/audio-analysis/0z6IIwef5zNtbwuIW4pmFs,159439,1,Impatience,42,boston hip hop
19,0.364,0.79,1,-5.9,1,0.069,0.00277,0.88,0.169,0.152,139.917,audio_features,7j8fGwXq9yjqrKvsFV1kCF,spotify:track:7j8fGwXq9yjqrKvsFV1kCF,https://api.spotify.com/v1/tracks/7j8fGwXq9yjqrKvsFV1kCF,https://api.spotify.com/v1/audio-analysis/7j8fGwXq9yjqrKvsFV1kCF,243173,4,Your Battle is My Battle,38,
20,0.697,0.79,10,-6.488,1,0.0536,0.00185,0.0,0.288,0.645,116.951,audio_features,2z6dMM2kJzoLHyeDg8xtp1,spotify:track:2z6dMM2kJzoLHyeDg8xtp1,https://api.spotify.com/v1/tracks/2z6dMM2kJzoLHyeDg8xtp1,https://api.spotify.com/v1/audio-analysis/2z6dMM2kJzoLHyeDg8xtp1,184773,4,Danger,17,kawaii edm
21,0.572,0.864,1,-4.395,1,0.0937,0.0509,0.0,0.143,0.227,192.104,audio_features,6FsDEEX1XVzEWhwnzkeWpF,spotify:track:6FsDEEX1XVzEWhwnzkeWpF,https://api.spotify.com/v1/tracks/6FsDEEX1XVzEWhwnzkeWpF,https://api.spotify.com/v1/audio-analysis/6FsDEEX1XVzEWhwnzkeWpF,121986,4,Cats On Saturn - Remix,39,
22,0.644,0.905,6,-3.882,0,0.0574,0.0371,0.0,0.0817,0.865,157.972,audio_features,6etPDBQneGrxRy4WkDWCrs,spotify:track:6etPDBQneGrxRy4WkDWCrs,https://api.spotify.com/v1/tracks/6etPDBQneGrxRy4WkDWCrs,https://api.spotify.com/v1/audio-analysis/6etPDBQneGrxRy4WkDWCrs,153202,4,Right Now,13,la pop
23,0.72,0.897,1,-7.077,0,0.0506,0.0754,0.0155,0.0762,0.879,144.021,audio_features,62Gqt9wMEOxTMFzqRxpXjB,spotify:track:62Gqt9wMEOxTMFzqRxpXjB,https://api.spotify.com/v1/tracks/62Gqt9wMEOxTMFzqRxpXjB,https://api.spotify.com/v1/audio-analysis/62Gqt9wMEOxTMFzqRxpXjB,200854,4,The Drunk,47,
24,0.258,0.932,1,-3.978,0,0.084,3.3e-05,0.0599,0.217,0.565,163.864,audio_features,5aobHzcwDnh889XNLkXajw,spotify:track:5aobHzcwDnh889XNLkXajw,https://api.spotify.com/v1/tracks/5aobHzcwDnh889XNLkXajw,https://api.spotify.com/v1/audio-analysis/5aobHzcwDnh889XNLkXajw,166857,4,Bad Citizen,41,brisbane indie
25,0.549,0.849,1,-6.089,1,0.122,0.00108,0.000155,0.141,0.432,96.498,audio_features,3wlyEjZZ6ZU3PsYDLlY21J,spotify:track:3wlyEjZZ6ZU3PsYDLlY21J,https://api.spotify.com/v1/tracks/3wlyEjZZ6ZU3PsYDLlY21J,https://api.spotify.com/v1/audio-analysis/3wlyEjZZ6ZU3PsYDLlY21J,152256,4,DEBT COLLECTOR,50,multidisciplinary
26,0.608,0.699,2,-5.136,0,0.0908,0.053,0.0,0.252,0.411,129.925,audio_features,7hgmbjpcYi7AZT28lteX7o,spotify:track:7hgmbjpcYi7AZT28lteX7o,https://api.spotify.com/v1/tracks/7hgmbjpcYi7AZT28lteX7o,https://api.spotify.com/v1/audio-analysis/7hgmbjpcYi7AZT28lteX7o,235525,4,Needed a Change of Pace,41,multidisciplinary
27,0.278,0.406,2,-7.444,1,0.0332,0.12,0.0,0.0976,0.0924,95.571,audio_features,38POirUtTfpoDWpX8QLiKP,spotify:track:38POirUtTfpoDWpX8QLiKP,https://api.spotify.com/v1/tracks/38POirUtTfpoDWpX8QLiKP,https://api.spotify.com/v1/audio-analysis/38POirUtTfpoDWpX8QLiKP,213805,1,BAD LUCK!,50,multidisciplinary
28,0.509,0.884,2,-4.84,0,0.0485,7.42e-05,0.0203,0.308,0.36,131.209,audio_features,3pyMCe3ShAnk0TzOoVuGsL,spotify:track:3pyMCe3ShAnk0TzOoVuGsL,https://api.spotify.com/v1/tracks/3pyMCe3ShAnk0TzOoVuGsL,https://api.spotify.com/v1/audio-analysis/3pyMCe3ShAnk0TzOoVuGsL,91457,4,ENTER: A BEGINNER'S GUIDE TO FAKING YOUR DEATH,49,multidisciplinary
29,0.724,0.61,0,-4.626,0,0.0695,0.65,0.0,0.153,0.773,154.049,audio_features,3rJEu8LZdav4zROLJynwnj,spotify:track:3rJEu8LZdav4zROLJynwnj,https://api.spotify.com/v1/tracks/3rJEu8LZdav4zROLJynwnj,https://api.spotify.com/v1/audio-analysis/3rJEu8LZdav4zROLJynwnj,206680,4,Gemini,54,french indie pop
30,0.452,0.63,5,-9.417,1,0.0443,0.00369,2.76e-05,0.301,0.11,112.988,audio_features,3E4gPkcqnyaAnv1nrdukwp,spotify:track:3E4gPkcqnyaAnv1nrdukwp,https://api.spotify.com/v1/tracks/3E4gPkcqnyaAnv1nrdukwp,https://api.spotify.com/v1/audio-analysis/3E4gPkcqnyaAnv1nrdukwp,230146,4,The View From Halfway Down - Spotify Singles,35,multidisciplinary
31,0.309,0.883,9,-3.825,1,0.0808,0.0673,0.00111,0.0849,0.312,159.488,audio_features,0sTlGEld0h8kIPZaKDYUf4,spotify:track:0sTlGEld0h8kIPZaKDYUf4,https://api.spotify.com/v1/tracks/0sTlGEld0h8kIPZaKDYUf4,https://api.spotify.com/v1/audio-analysis/0sTlGEld0h8kIPZaKDYUf4,195121,4,Notion,81,la indie
32,0.603,0.783,6,-4.023,1,0.062,0.449,7.96e-06,0.119,0.775,172.041,audio_features,37y7iDayfwm3WXn5BiAoRk,spotify:track:37y7iDayfwm3WXn5BiAoRk,https://api.spotify.com/v1/tracks/37y7iDayfwm3WXn5BiAoRk,https://api.spotify.com/v1/audio-analysis/37y7iDayfwm3WXn5BiAoRk,173104,4,Dark Red,74,afrofuturism
33,0.576,0.882,6,-4.305,0,0.118,0.00019,0.77,0.0935,0.8,149.964,audio_features,0xpvYlPNa1qIyR7r51dJqQ,spotify:track:0xpvYlPNa1qIyR7r51dJqQ,https://api.spotify.com/v1/tracks/0xpvYlPNa1qIyR7r51dJqQ,https://api.spotify.com/v1/audio-analysis/0xpvYlPNa1qIyR7r51dJqQ,138573,4,spit!,44,anime
34,0.459,0.974,11,-6.441,1,0.0587,1.93e-06,0.557,0.216,0.546,144.986,audio_features,6y87Q8nkhHP2YqowavLdPA,spotify:track:6y87Q8nkhHP2YqowavLdPA,https://api.spotify.com/v1/tracks/6y87Q8nkhHP2YqowavLdPA,https://api.spotify.com/v1/audio-analysis/6y87Q8nkhHP2YqowavLdPA,146333,4,The Only Thing I Know For Real - Maniac Agenda Mix,67,
35,0.398,0.981,2,-3.841,0,0.161,0.00119,0.478,0.337,0.216,159.956,audio_features,6CLFAVCDCc4DZRhnCqhNog,spotify:track:6CLFAVCDCc4DZRhnCqhNog,https://api.spotify.com/v1/tracks/6CLFAVCDCc4DZRhnCqhNog,https://api.spotify.com/v1/audio-analysis/6CLFAVCDCc4DZRhnCqhNog,139320,4,A Soul Can't Be Cut - Platinum Mix,49,
36,0.259,0.923,1,-5.53,1,0.0908,2.5e-06,0.103,0.155,0.593,199.806,audio_features,5LLhdR6qdQvAfSm2C0EYj4,spotify:track:5LLhdR6qdQvAfSm2C0EYj4,https://api.spotify.com/v1/tracks/5LLhdR6qdQvAfSm2C0EYj4,https://api.spotify.com/v1/audio-analysis/5LLhdR6qdQvAfSm2C0EYj4,130187,4,The Stains of Time - Maniac Agenda Mix,63,
37,0.443,0.955,11,-5.01,0,0.0546,7.68e-06,0.206,0.125,0.432,164.96,audio_features,29eKlSdk4dmwBgqtwASiFW,spotify:track:29eKlSdk4dmwBgqtwASiFW,https://api.spotify.com/v1/tracks/29eKlSdk4dmwBgqtwASiFW,https://api.spotify.com/v1/audio-analysis/29eKlSdk4dmwBgqtwASiFW,145707,4,A Stranger I Remain - Maniac Agenda Mix,61,
38,0.472,0.995,2,-4.04,1,0.0852,6.5e-05,0.137,0.133,0.203,130.017,audio_features,5ezkLDA74DwQhOROoDp2Pc,spotify:track:5ezkLDA74DwQhOROoDp2Pc,https://api.spotify.com/v1/tracks/5ezkLDA74DwQhOROoDp2Pc,https://api.spotify.com/v1/audio-analysis/5ezkLDA74DwQhOROoDp2Pc,150787,4,Rules of Nature - Platinum Mix,62,
39,0.363,0.972,1,-3.258,1,0.148,0.00072,0.0,0.298,0.41,180.129,audio_features,6LaSTRfDyGBH5a3DUntsDc,spotify:track:6LaSTRfDyGBH5a3DUntsDc,https://api.spotify.com/v1/tracks/6LaSTRfDyGBH5a3DUntsDc,https://api.spotify.com/v1/audio-analysis/6LaSTRfDyGBH5a3DUntsDc,234128,4,The Disaster of Passion,48,
40,0.498,0.989,7,-3.308,1,0.203,0.000277,3.1e-06,0.408,0.171,137.971,audio_features,7gESuiigF7GFFYIApfUBk5,spotify:track:7gESuiigF7GFFYIApfUBk5,https://api.spotify.com/v1/tracks/7gESuiigF7GFFYIApfUBk5,https://api.spotify.com/v1/audio-analysis/7gESuiigF7GFFYIApfUBk5,308965,4,Love the Subhuman Self,53,
41,0.59,0.946,1,-4.89,1,0.0639,0.0291,0.127,0.114,0.746,173.981,audio_features,1Rq54c6n1GpfMIlt1WRdYK,spotify:track:1Rq54c6n1GpfMIlt1WRdYK,https://api.spotify.com/v1/tracks/1Rq54c6n1GpfMIlt1WRdYK,https://api.spotify.com/v1/audio-analysis/1Rq54c6n1GpfMIlt1WRdYK,335957,4,Mind Game,0,otacore
42,0.486,0.981,11,-5.52,1,0.315,0.0495,0.0,0.0679,0.455,152.178,audio_features,3v28Meo8cBnnfDUzpF6Art,spotify:track:3v28Meo8cBnnfDUzpF6Art,https://api.spotify.com/v1/tracks/3v28Meo8cBnnfDUzpF6Art,https://api.spotify.com/v1/audio-analysis/3v28Meo8cBnnfDUzpF6Art,249000,4,HUGE W,44,hololive
43,0.501,0.693,4,-3.757,0,0.0775,0.0279,0.0,0.0828,0.69,175.807,audio_features,3h8efEQ3MsDESpfeKX1JI4,spotify:track:3h8efEQ3MsDESpfeKX1JI4,https://api.spotify.com/v1/tracks/3h8efEQ3MsDESpfeKX1JI4,https://api.spotify.com/v1/audio-analysis/3h8efEQ3MsDESpfeKX1JI4,218099,4,Red,52,hololive
44,0.664,0.785,0,-6.263,1,0.295,0.438,0.0,0.106,0.919,75.428,audio_features,3ZkYgSk8cIqOlvBlK7IV6C,spotify:track:3ZkYgSk8cIqOlvBlK7IV6C,https://api.spotify.com/v1/tracks/3ZkYgSk8cIqOlvBlK7IV6C,https://api.spotify.com/v1/audio-analysis/3ZkYgSk8cIqOlvBlK7IV6C,175200,4,DEAD BEATS,49,hololive
45,0.788,0.936,8,-3.479,1,0.316,0.445,0.0,0.0812,0.763,139.964,audio_features,2deb24yUrqgOVwGJjaIaYp,spotify:track:2deb24yUrqgOVwGJjaIaYp,https://api.spotify.com/v1/tracks/2deb24yUrqgOVwGJjaIaYp,https://api.spotify.com/v1/audio-analysis/2deb24yUrqgOVwGJjaIaYp,197183,4,Blood (Alucard Rap),52,anime rap
46,0.529,0.845,8,-8.142,1,0.404,0.244,0.0,0.143,0.331,85.63,audio_features,5Gt9bxniM1SxN61yRzRhXL,spotify:track:5Gt9bxniM1SxN61yRzRhXL,https://api.spotify.com/v1/tracks/5Gt9bxniM1SxN61yRzRhXL,https://api.spotify.com/v1/audio-analysis/5Gt9bxniM1SxN61yRzRhXL,255378,3,United In Grief,75,conscious hip hop
47,0.493,0.826,9,-3.106,1,0.311,0.095,3.42e-06,0.252,0.75,112.865,audio_features,6R0GRYk2vs2XuBVemYK5YZ,spotify:track:6R0GRYk2vs2XuBVemYK5YZ,https://api.spotify.com/v1/tracks/6R0GRYk2vs2XuBVemYK5YZ,https://api.spotify.com/v1/audio-analysis/6R0GRYk2vs2XuBVemYK5YZ,189974,4,Ultimate,64,dark trap
48,0.656,0.612,6,-5.415,0,0.225,0.0094,0.0,0.146,0.626,132.072,audio_features,2rJvc7nSYWBKAuNUMx1Cr2,spotify:track:2rJvc7nSYWBKAuNUMx1Cr2,https://api.spotify.com/v1/tracks/2rJvc7nSYWBKAuNUMx1Cr2,https://api.spotify.com/v1/audio-analysis/2rJvc7nSYWBKAuNUMx1Cr2,283653,4,Don't Like.1,62,chicago rap
49,0.407,0.782,6,-12.353,0,0.192,0.153,0.0,0.0985,0.832,98.39,audio_features,1smGdqfO1iAW7t9tv34bpb,spotify:track:1smGdqfO1iAW7t9tv34bpb,https://api.spotify.com/v1/tracks/1smGdqfO1iAW7t9tv34bpb,https://api.spotify.com/v1/audio-analysis/1smGdqfO1iAW7t9tv34bpb,96300,4,JINXTRO,40,
50,0.868,0.623,2,-8.595,1,0.101,0.0249,0.0,0.125,0.498,105.446,audio_features,3a8tAZFJxlmBwOtrf5L1oC,spotify:track:3a8tAZFJxlmBwOtrf5L1oC,https://api.spotify.com/v1/tracks/3a8tAZFJxlmBwOtrf5L1oC,https://api.spotify.com/v1/audio-analysis/3a8tAZFJxlmBwOtrf5L1oC,180667,4,6 God,64,canadian hip hop
51,0.875,0.752,1,-5.95,1,0.0507,0.0834,0.000136,0.0975,0.488,121.979,audio_features,56H3dKCFVcdHQjFHPOSUED,spotify:track:56H3dKCFVcdHQjFHPOSUED,https://api.spotify.com/v1/tracks/56H3dKCFVcdHQjFHPOSUED,https://api.spotify.com/v1/audio-analysis/56H3dKCFVcdHQjFHPOSUED,161897,4,Bored,45,
52,0.707,0.69,0,-9.235,1,0.0421,0.0121,1.31e-05,0.116,0.236,141.025,audio_features,2f10UWsm3Ckpj5W9S9iQ9q,spotify:track:2f10UWsm3Ckpj5W9S9iQ9q,https://api.spotify.com/v1/tracks/2f10UWsm3Ckpj5W9S9iQ9q,https://api.spotify.com/v1/audio-analysis/2f10UWsm3Ckpj5W9S9iQ9q,90047,4,LIGHTS OUT,42,
53,0.572,0.894,1,-4.827,0,0.0853,0.00149,0.000473,0.0908,0.591,195.911,audio_features,3dmBizyouRpEQiz40my5Sf,spotify:track:3dmBizyouRpEQiz40my5Sf,https://api.spotify.com/v1/tracks/3dmBizyouRpEQiz40my5Sf,https://api.spotify.com/v1/audio-analysis/3dmBizyouRpEQiz40my5Sf,178776,4,Cold Get Colder,27,aesthetic rap
54,0.522,0.964,6,-2.034,1,0.322,0.148,0.000601,0.663,0.899,170.112,audio_features,7nWtmOlrbpg20Om97Dobo3,spotify:track:7nWtmOlrbpg20Om97Dobo3,https://api.spotify.com/v1/tracks/7nWtmOlrbpg20Om97Dobo3,https://api.spotify.com/v1/audio-analysis/7nWtmOlrbpg20Om97Dobo3,155294,4,Bad Kid,0,aesthetic rap
55,0.8,0.9,9,-4.948,1,0.26,0.527,0.0221,0.155,0.788,80.968,audio_features,0uoFiFGTCzQ2I6RBndGpuo,spotify:track:0uoFiFGTCzQ2I6RBndGpuo,https://api.spotify.com/v1/tracks/0uoFiFGTCzQ2I6RBndGpuo,https://api.spotify.com/v1/audio-analysis/0uoFiFGTCzQ2I6RBndGpuo,60741,4,Cyclops,46,
56,0.703,0.96,0,-1.937,1,0.172,0.46,8.26e-06,0.431,0.954,138.056,audio_features,7zWaQHkEz7uCzWJSgeiXTM,spotify:track:7zWaQHkEz7uCzWJSgeiXTM,https://api.spotify.com/v1/tracks/7zWaQHkEz7uCzWJSgeiXTM,https://api.spotify.com/v1/audio-analysis/7zWaQHkEz7uCzWJSgeiXTM,160813,4,Days Of Old,26,
57,0.72,0.896,1,-5.157,1,0.0532,0.00578,3.78e-05,0.0689,0.693,125.0,audio_features,6A7zZ6V30J6wdbuEXvfMIh,spotify:track:6A7zZ6V30J6wdbuEXvfMIh,https://api.spotify.com/v1/tracks/6A7zZ6V30J6wdbuEXvfMIh,https://api.spotify.com/v1/audio-analysis/6A7zZ6V30J6wdbuEXvfMIh,151680,4,TAHITI BL33DIN,0,aesthetic rap
58,0.547,0.589,0,-8.108,1,0.0405,0.00196,0.342,0.28,0.0674,90.105,audio_features,316qKwOZ08lXGqlfaLRJCk,spotify:track:316qKwOZ08lXGqlfaLRJCk,https://api.spotify.com/v1/tracks/316qKwOZ08lXGqlfaLRJCk,https://api.spotify.com/v1/audio-analysis/316qKwOZ08lXGqlfaLRJCk,138101,4,Chainsaw Man,35,
59,0.847,0.763,10,-5.545,0,0.0798,0.0549,2.55e-05,0.106,0.67,99.983,audio_features,6efQrFm7YrWykEtaKb5Fxt,spotify:track:6efQrFm7YrWykEtaKb5Fxt,https://api.spotify.com/v1/tracks/6efQrFm7YrWykEtaKb5Fxt,https://api.spotify.com/v1/audio-analysis/6efQrFm7YrWykEtaKb5Fxt,172826,4,Grudge Match,0,aesthetic rap
60,0.586,0.793,8,-4.871,1,0.155,0.000325,0.0,0.41,0.427,140.039,audio_features,4rppRZwA3eea6YjbE7vPtg,spotify:track:4rppRZwA3eea6YjbE7vPtg,https://api.spotify.com/v1/tracks/4rppRZwA3eea6YjbE7vPtg,https://api.spotify.com/v1/audio-analysis/4rppRZwA3eea6YjbE7vPtg,165010,4,WHAT YOU DO TO ME?,27,zxc
61,0.769,0.934,10,-5.228,0,0.285,0.000538,6.04e-05,0.133,0.871,90.018,audio_features,0YV9UF9CRQzk4ckak9T2ci,spotify:track:0YV9UF9CRQzk4ckak9T2ci,https://api.spotify.com/v1/tracks/0YV9UF9CRQzk4ckak9T2ci,https://api.spotify.com/v1/audio-analysis/0YV9UF9CRQzk4ckak9T2ci,138750,4,Stim Sludge,0,aesthetic rap
62,0.602,0.918,8,-5.378,0,0.232,0.00566,0.000576,0.0207,0.848,180.058,audio_features,41GZMEuFsHlFo0bSCz4ZbJ,spotify:track:41GZMEuFsHlFo0bSCz4ZbJ,https://api.spotify.com/v1/tracks/41GZMEuFsHlFo0bSCz4ZbJ,https://api.spotify.com/v1/audio-analysis/41GZMEuFsHlFo0bSCz4ZbJ,163167,4,Pepper,35,aesthetic rap
63,0.513,0.974,1,-1.113,0,0.508,0.0159,0.0,0.0712,0.503,195.767,audio_features,2KBYPTSTHjYYOPACrFTkPy,spotify:track:2KBYPTSTHjYYOPACrFTkPy,https://api.spotify.com/v1/tracks/2KBYPTSTHjYYOPACrFTkPy,https://api.spotify.com/v1/audio-analysis/2KBYPTSTHjYYOPACrFTkPy,143552,4,Punk Tactics,70,
64,0.687,0.747,6,-4.542,1,0.195,0.0384,0.0,0.218,0.698,92.968,audio_features,6yLPqGlJbaGRfHnShJT6Ma,spotify:track:6yLPqGlJbaGRfHnShJT6Ma,https://api.spotify.com/v1/tracks/6yLPqGlJbaGRfHnShJT6Ma,https://api.spotify.com/v1/audio-analysis/6yLPqGlJbaGRfHnShJT6Ma,270000,4,24 Hour Party People,35,future funk
65,0.777,0.819,1,-5.567,1,0.0498,0.0838,0.0,0.646,0.965,104.025,audio_features,2v4KrO67w1AsUUABmSgCc2,spotify:track:2v4KrO67w1AsUUABmSgCc2,https://api.spotify.com/v1/tracks/2v4KrO67w1AsUUABmSgCc2,https://api.spotify.com/v1/audio-analysis/2v4KrO67w1AsUUABmSgCc2,191581,4,Poison Jam,34,future funk
66,0.758,0.641,1,-7.965,1,0.225,0.401,3.93e-05,0.0989,0.714,97.966,audio_features,373Gvk4FxOWOiNUh6sHtut,spotify:track:373Gvk4FxOWOiNUh6sHtut,https://api.spotify.com/v1/tracks/373Gvk4FxOWOiNUh6sHtut,https://api.spotify.com/v1/audio-analysis/373Gvk4FxOWOiNUh6sHtut,205714,4,Say Somethin',36,future funk
67,0.787,0.723,0,-7.379,0,0.0279,0.137,0.00909,0.0488,0.961,133.14,audio_features,5RUJ1B8Yrh7w4PT0W8KVPk,spotify:track:5RUJ1B8Yrh7w4PT0W8KVPk,https://api.spotify.com/v1/tracks/5RUJ1B8Yrh7w4PT0W8KVPk,https://api.spotify.com/v1/audio-analysis/5RUJ1B8Yrh7w4PT0W8KVPk,236761,4,Ba-Da-Ba,45,future funk
68,0.688,0.807,10,-6.982,0,0.0695,0.0227,0.0706,0.259,0.597,141.993,audio_features,3MpkdbpYuPRnYKvKECpSmM,spotify:track:3MpkdbpYuPRnYKvKECpSmM,https://api.spotify.com/v1/tracks/3MpkdbpYuPRnYKvKECpSmM,https://api.spotify.com/v1/audio-analysis/3MpkdbpYuPRnYKvKECpSmM,210000,4,I Shoulda Known!!,22,future funk
69,0.703,0.834,1,-5.134,1,0.0603,0.0139,0.0,0.1,0.863,153.97,audio_features,5EIkdrmuu2xkoQWOWjoeFY,spotify:track:5EIkdrmuu2xkoQWOWjoeFY,https://api.spotify.com/v1/tracks/5EIkdrmuu2xkoQWOWjoeFY,https://api.spotify.com/v1/audio-analysis/5EIkdrmuu2xkoQWOWjoeFY,178080,4,Dynasties & Dystopia (from the series Arcane League of Legends),65,dark trap
70,0.728,0.783,11,-4.424,0,0.266,0.237,0.0,0.434,0.555,77.011,audio_features,1r9xUipOqoNwggBpENDsvJ,spotify:track:1r9xUipOqoNwggBpENDsvJ,https://api.spotify.com/v1/tracks/1r9xUipOqoNwggBpENDsvJ,https://api.spotify.com/v1/audio-analysis/1r9xUipOqoNwggBpENDsvJ,173381,4,Enemy (with JID) - from the series Arcane League of Legends,85,modern rock
71,0.769,0.706,9,-6.192,0,0.208,0.0923,0.000388,0.0431,0.753,118.774,audio_features,7Hlbekswx6XAgDZQeOfQCN,spotify:track:7Hlbekswx6XAgDZQeOfQCN,https://api.spotify.com/v1/tracks/7Hlbekswx6XAgDZQeOfQCN,https://api.spotify.com/v1/audio-analysis/7Hlbekswx6XAgDZQeOfQCN,140080,4,Elysion's Old Mans,31,rhythm game
72,0.577,0.941,1,-5.17,1,0.105,0.00207,3.36e-06,0.0891,0.292,101.921,audio_features,3khEEPRyBeOUabbmOPJzAG,spotify:track:3khEEPRyBeOUabbmOPJzAG,https://api.spotify.com/v1/tracks/3khEEPRyBeOUabbmOPJzAG,https://api.spotify.com/v1/audio-analysis/3khEEPRyBeOUabbmOPJzAG,193495,4,KICK BACK,88,anime
